body,upvotes,neg,neu,pos,compound
"As a general rule ([see full rules](https://www.reddit.com/r/formula1/wiki/userguide#wiki_sticky.2Fdaily_discussion)), a standalone Discussion post should:

- be of interest to the sub in general, and not a specific userbase (e.g. new users, GP attendees, just yourself)
- be able to generate discussion (e.g. no yes/no or easily answerable questions)
- show reasonable input and effort from the OP

If not, be sure to [look for the Daily Discussion](https://www.reddit.com/r/formula1/search/?q=daily+discussion&include_over_18=on&restrict_sr=on&t=all&sort=new), /r/formula1's daily open question thread which is perfect for asking any and all questions about this sport.

Thank you for your cooperation and enjoy the discussion!


*I am a bot, and this action was performed automatically. Please [contact the moderators of this subreddit](/message/compose/?to=/r/formula1) if you have any questions or concerns.*",1,0.034,0.82,0.146,0.9272
"In the way that it's basically currently Jordan, yes. Theres just something about the Jordan, Midland, Spyker, Force India, Racing Point, Aston Martin team tbh.",424,0.0,0.899,0.101,0.4019
Maybe some hardcore Jordan fans that never left?,348,0.0,1.0,0.0,0.0
"You can count me as one. Seb being a part of the team helped, sure. But, I've always just been fond of Aston Martin cars in general. I think they're cool. I know they're two different things, the car brand and the F1 team. But the connection does make me support the team. I don't love the team as much as other teams like Red Bull and McLaren, but I do consider myself a fan.",111,0.054,0.732,0.215,0.9127
"Somewhere, someone, maybe, perhaps...

But not me.  Without Alonso, Aston Martin would not really exist in my F1 world.",169,0.0,1.0,0.0,0.0
"""Aston"", no, not particularly. But as others stated, Jordan/Force India/etc as a whole is a team I've always really liked. Their names and colour change but they're still mostly the same lovable midfield team. As long as that remains the case I'll keep liking them and wishing them well.",60,0.026,0.674,0.299,0.9558
"Iam a fan of the team but not because of the Aston brand. Mainly because of when they were Force India, always rooted for an underdog and they've been that as far back as their Jordan days. Always punched way above their weight, now that they have some backing behind them it's great to see their recent success (even if its went back a bit recently).",26,0.0,0.816,0.184,0.926
"Probably there are a Aston Martin fans, the thing is that without Alonso nobody would care too much about them. 

Remember Sauber doing a fast car the first races in 2022 and not many people cared that they were fast for a moment. 

Alonso has a huge fanbase and heâ€™s insanely popular at Spain, the 2nd most watched sporting event on the history of Spain is the 2006 Brazil GP, where Alonso won his 2nd WDC",72,0.029,0.824,0.148,0.8647
"Iâ€™m not ashamed to admit it, when I was a kid, watching James Bond in the Aston solidified Aston Martin as my favorite car manufacturer. Not because of Bond, per se. But I always loved the design of the cars. 

Iâ€™m a COVID DTS F1 fan. I started watching during COVID and have loved learning more and more about the sport since then. When Racing Point rebranded to Aston, I was so damn excited. Imagine my surprise at the beginning of this season when the team launched with huge wins. It was so much fun. 

I think Alonso is an amazing driver and I hope they keep him around for as long as possible. I think Stroll should have been dropped a long time ago. Had a better driver been in the car at the beginning of the season, Aston would have more constructor points and possibly finished higher this season than what they will now. 

Regardless of the drivers, regardless of if Stroll were to eventually sell the team, I hope it remains an Aston Martin car. I love seeing that British racing green on the track. 

Iâ€™ll never have enough to own a luxury sports car, but if I could own any car I wanted, it would be an Aston. For 110 years, this company has made gorgeous cars. It would be a shame to not have it on the F1 track. So yes. Regardless of who drives for Aston, I will support them.",17,0.035,0.71,0.255,0.9967
"Luv me British racin' green

Luv me James Bond

Luv me Silverstone HQ

Luv me Brexit Ferarri

Simple as.",39,0.0,1.0,0.0,0.0
"Nah, just Alonso.

If Aston didn't have him they'd probably have 2x the same results they're getting with Stroll and nobody would have noticed the blip when they were relatively competitive in the beginning of the season and nobody would think twice about them.",50,0.031,0.931,0.038,0.0772
I know someone who's a fan of AM but it's just because they like AM road cars - not exactly the racing team,8,0.0,0.786,0.214,0.5994
"Team tribalism is kind of weird, every team deserves respect and props for smashing shit out of the park - Aston Martin fucking obliterated everyone minus Red Bull in the first half of the season, from the back of the grid. That deserves huge props. Theyâ€™ve slid backwards but nobody should have expected them to come out of nowhere to the front of the field and stay there indefinitely - this was a great stress test for them as a team and theyâ€™ll learn a huge amount for the coming seasons",6,0.097,0.78,0.123,0.5584
"Are people fans of f1 teams line this? Wouldn't aston martin just automatically become hugely popular tomorrow if Lewis or Max moved over to them?

Ferrari may have its own die hard fans but I can't imagine many other teams do. From what I read on these and other media forums, fans follow drivers, not their teams. Again, ferrari is the exception. 

I think lando replacing stroll would make AM instantly more popular also.",20,0.047,0.868,0.085,0.5988
Am Canadian and want to see both Strolls succeed,23,0.0,0.609,0.391,0.5423
i like green cars,5,0.0,0.444,0.556,0.3612
"> What I mean is irrespective of who drives for the team, you'll always support Aston Martin.

I think for Ferrari, Williams, McLaren that's easy to have those fans as those teams have been around forever. So you support them cause they are a permament fixture on the calendar.

Aston Martin has been Jordan Grand Prix, MF1 Racing, Spyker F1, Force India, Racing Point, Aston Martin - it's hard to establish a loyalty to a team whose identity and leadership changes with the wind. 

Whereas with Ferrari you have this long history of associating with the team, the team culture that puts Team > driver, and you can be a fan off track with the road cars. Probably why Merc was so quick to gain fans (in addition to winning) as you can look at an AMG GT and be like 'yeah this is me'.",6,0.009,0.808,0.183,0.9774
"Aston Martin have sold a lot of merchandise in Spain that's for sure. They wouldn't care without Alonso, but AM might as well reap the benefits while they can.",4,0.054,0.716,0.23,0.7083
"Well I guess I'd be a Honda fan bc I own one, So maybe in the future? I'm not quite on the Red Bull train now bc it's bandwagoning and that doesn't feel right",4,0.0,0.868,0.132,0.5267
I started watching in 1993 because of Jordan. Have always kinda stuck to the team through the years. Midland and Spyker days I lost a bit of interest in them but they were back to being a decent midfield team as Force India which is where Jordan had really been.,3,0.063,0.896,0.042,-0.0009
"I'm a fan of Aston Martin through Sportscars. F1 is not exactly rich in the brands heritage - but I can see why you'd want the brand to be involved - so Stroll got that right IMO. I love the Green.

And I was a big Jordan fan. They lost me in the post Eddie era though. So it's nice to be ""back"" on two counts.

I don't mind RB because I've really grown to like really like Newey (although didn't like Williams or McLaren) since he went out and put magic in what was once an underdog.",3,0.044,0.715,0.241,0.9719
"I'm a true fan of the sport. I just want to see good racing. Max's dominance has been boring in terms of who's winning all the time, but you also can't help but be astounded by his dominance. The racing behind him and now starting to catch up with him has been great, I just hope it continues into next year. Astons results (let's be honest, it was all Alonso) were great to start with and it was exciting seeing someone at the front nobody was expecting, but their updates have been useless.

I would love to see Alonso and Max in the same car, then we could have some great race's I think.",3,0.055,0.604,0.342,0.9924
James Bond was a fan.,3,0.0,0.566,0.434,0.3182
"As a Bond fan and appreciative of AMs' signature design, I count myself as a fan, more so than many other teams.",3,0.0,0.661,0.339,0.802
"Iâ€™m supporting them as the spiritual successor of Jordan. 

Thereâ€™s still Jordan tools in the garageâ€¦thatâ€™s as close as it gets. Alonso was a huge bonus.

I suspect there would be a fair amount of fans like me in Ireland. I know at least 2 that are hardcore AM fans.",3,0.04,0.683,0.277,0.9042
"I'm a fan of sportsmanship, underdogs and graceful winners. I have no attachment to any team, it's just the current structure of vehicular racing.",2,0.074,0.57,0.356,0.8126
"To me the team is Aston Martin name only, the Aston Martin  part of the project really just feels like Strolls flight of fancy, and doesn't feel like a true manufacturer participation. Much like Alfa Romeo doesn't really feel like they are in F1 other than a livery. I could see people being fans of Aston Martin if they were truly part of the spirit, but as other have said, I think the fans they do have are fans of the silverstone team, not really Aston Martin. A bit like being a fan of M-Sport in WRC, rather than a Ford fan.",2,0.016,0.794,0.19,0.9404
I'm a fan of Alonso and the current livery.  That green is purdy!,2,0.0,0.809,0.191,0.3802
Hey Iâ€™m here,2,0.0,1.0,0.0,0.0
"As a big Jordan fan and all its iterations, I'd say I'm really fond of the team as a whole. But it lost a bit of the charm with the Stroll takeover. It was the same when Force India, so who knows? FI ended up being one of my favorite teams.",2,0.052,0.751,0.197,0.8098
I came back to formula 1 after many years away and fell in love with the pink racing point cars.,2,0.0,0.802,0.198,0.6369
Fan of 'Lonso in whatever he's in. Man can fight with a toothpick in a gunfight.,2,0.154,0.71,0.136,-0.0772
I'm a fan of Fernando and the car has a beautiful livery. That is all.,2,0.0,0.64,0.36,0.7351
"I love Aston Martin as a brand, and have always wanted one, but even I canâ€™t bring myself to support the F1 team",2,0.0,0.745,0.255,0.7311
I'm a fan of Fernando. So have some residual fandom of the team just because of that. But otherwise...not really.,2,0.0,0.916,0.084,0.1655
"Interesting question tbh. Iâ€™m a Gasly fan but I canâ€™t stand Alpine as a team.

Probably find this to be the case with Alonso and Aston.",2,0.0,0.857,0.143,0.3612
I was a fan of Seb and now Nando. But if if he leaves I don't see myself supporting them.,2,0.157,0.759,0.084,-0.3525
People who like f1 and drive an Aston?,2,0.0,0.737,0.263,0.3612
"Yep, me here.  I've supported team Silverstone through it's various name/owners changes and will continue to do so.",2,0.0,0.78,0.22,0.5423
The better question is: Are there really Alpine Fans out there?,2,0.0,0.775,0.225,0.4404
"So for me is as simple as me liking the color, finally a good looking geeen car is enough to make me an AM fan, plus this first part of season was just so enjoyable to see",2,0.0,0.733,0.267,0.892
"No, I support Alonso",2,0.373,0.169,0.458,0.128
"Iâ€™m gonna keep it a buck 1,000 with you, if Alonso leaves and no one exciting comes into AM (like a potential Yuki with Honda), Iâ€™ll still love that green car but nah I wouldnâ€™t really be a true AM fan in that sense anymore. For me, thatâ€™s Red Bull since RBTV got me into F1.",2,0.052,0.755,0.193,0.8614
"While I started being an AM fan cuz of Alonso, Iâ€™d say I would stay an AM fan, they have showcased that they are willing to work and improve",2,0.0,0.762,0.238,0.7579
"Already liked Aston because of vettel, but I consider myself a true fan since the start of the season. As in Lawrence Stroll really wants to make the team a top team, a winning team, eventually a championship winning team, and they are going trough getting all necessary to get there: a new factory, wind tunnels, an exclusive engine with Honda, experienced drivers that can drive the car better than it could ever be driven... The project is ambitious, but I believe in them. The top teams have been Redbull-Mercedes-Ferrari for too long, we need a fourth one. I love Aston because it seems to me like a breath of fresh air (and gosh do I love the British green with yellow accents)",5,0.0,0.644,0.356,0.995
Iâ€™ll become one when Honda becomes their power unit supplier.,4,0.0,1.0,0.0,0.0
You could ask this for a lot of teams.,2,0.0,1.0,0.0,0.0
"I was a big fan of what Force India did on their low budget, but when it became Aston Martin the feeling just wasnâ€™t the same. it felt like the whole team was different",2,0.043,0.773,0.184,0.6249
"If they have fans, they don't care for them otherwise they would have released their hyped up bucket hat",1,0.127,0.873,0.0,-0.3875
"Never been a true fan of any team. Drivers are what I'm all about.

I realised it when Schumacher was still driving. After he retired, I noticed I didn't give 2 craps about Ferrari. I already became a fan of him in 1994/95 pre-Ferrari.",1,0.155,0.845,0.0,-0.6435
"I think that question/observation could apply to most teams, other than Ferrari and Williams and maybe a couple others.  F1 teams feel like vessels for individuals rather than actual competitors unto themselves.",1,0.0,0.921,0.079,0.3612
Me.,1,0.0,1.0,0.0,0.0
Count me in.,1,0.0,1.0,0.0,0.0
Stroll gets too much hate,1,0.481,0.519,0.0,-0.5719
[removed],-4,0.0,1.0,0.0,0.0
They went from making one of the best midfield cars with limited resources to copying top teams and failing..so it'd be hard to be a fan of such a team these days,1,0.09,0.683,0.227,0.7184
Nope. The only reason Stroll has a drive is because his daddy bought the team.,0,0.0,1.0,0.0,0.0
Nope I only cheered for them because of Alonso and Vettel. Its hard to take the Strolls seriously.,-1,0.293,0.707,0.0,-0.5862
[removed],-2,0.0,1.0,0.0,0.0
"no, nobody really cares about Aston Martin. Jordan had many fans for being an Irish team and a weird lovable underdog team run by an entertaining crazy person though, would not be surprised if Force India did too despite Vijay corruption.

hmm, I got two downvotes on that, I am sorry to Lawrence and Lance there, but you both actually do not count as fans.",-2,0.105,0.797,0.097,0.3535
I'm just a fan of Fernando's. If he left AM I wouldn't care for them much,0,0.155,0.709,0.136,-0.0844
"Compared to my dislike for Stroll (really just hate his voice, Brad!) I'm an ~~Force India~~Aston fan.      They seem more of an underdog than the other teams, though not as much now with Stroll Sr.'s investment.",0,0.157,0.788,0.055,-0.6476
They make AMAZING GT cars...  But I don't give two shits about their synthetic F1 team...,0,0.0,0.6,0.4,0.7914
This reminds me of one of the videos wtf1 did at the silverstone campsite and they just could not find an alpine fan,0,0.0,0.905,0.095,0.3182
"Alonso. And I quite like the Aston Martin brand though, so it's fits. But if it was 2x Stroll I probably wouldn't care.",-1,0.141,0.781,0.078,-0.3706
"Exactly, unless you are in undying fan of a small but ever so slightly moving piece of real estate near to silverstone then no. Though the question refers to Aston Martin specifically. ie did your loyalty shift to prodrive when they ran a fairly pants effort of a le mans car? Are you a Newport pagnell native? Basically is f1 loyalty largely made up? Is big business hoping to buy your loyalty? What can we believe in, immutabily and unchanging?",-2,0.03,0.75,0.22,0.9626
Tbh very few are fans of the team. It's either fans of Seb or Alonso or fans of the AM road cars. Stroll doesn't really help the team with popularity.,-2,0.074,0.834,0.092,0.1594
"My mate, James,  has been a fan for a while.",1,0.0,0.753,0.247,0.3182
This is so real,1,0.0,1.0,0.0,0.0
"I've seen people with Haas or AlphaTauri merchandise, so anything is possible.",1,0.0,1.0,0.0,0.0
"I started watching F1 again in 2021 because Aston Martin ""joined"". Always been a fan of the road cars and the brand plus I love green cars so yeah they'll always be my team regardless of driver. Personally I think the AM brand is very strong and the F1 project is only helping that.

Edit: Plus I was a fan of Jordan back in the early 2000s so it's natural for me for sure",1,0.0,0.727,0.273,0.9663
Not really Aston fans but silverstone team fans. Like theres a LOT of Enstone fans whatever their official name is that time.,1,0.0,0.86,0.14,0.5023
i'm a fan of the first syllable of aston martin.,1,0.0,0.777,0.223,0.3182
"Big Alonso/Honda fan but not Aston even tho i always respected RP/Force India as a strong midfield team, i canâ€™t wait for 2026 and hopefully Alonso is still there, hoping for a good reunion not a part 2 of McHonda",1,0.0,0.567,0.433,0.9696
"No, just Fernando.",1,0.524,0.476,0.0,-0.296
I liked the during the force racing India point and Iâ€™ve been happy seeing them grow.,1,0.0,0.667,0.333,0.7579
I mean I love the colour of their cars. Does that count?,1,0.0,0.682,0.318,0.6369
Yeah my old boss was. I think just the quintessential Britishness thing mostly.,1,0.0,0.833,0.167,0.296
"Maybe a decent Indian fanbase because it used to be Force India? It's basically the same team, so I wouldn't be surprised if people hung onto that.",1,0.074,0.926,0.0,-0.2334
"I cared more about the team when they were Force India. Now I care about them because of Fernando. But in general, I was never a team supporter. I cheer for several teams, depending if I like the drivers or the narrative around the team at the moment. For instance, I couldn't care less about Williams when they had Stroll and Sirotkin there. But ever since Russell and now Albon and James, I really want them to succeed, I like their trajectory and it would be a wholesome story to see them rising to the top again.",1,0.054,0.727,0.219,0.947
Rather have AM win than Mercedes.,1,0.0,0.568,0.432,0.5859
"I know one of the former Force India owners lol. But no, not a fan. I think Alonso is a great driver and itâ€™s fun watching him race others, but Iâ€™m never wishing he would place higher or something.",1,0.15,0.601,0.249,0.7755
Yes I am a fan of Fernando Alonso.,1,0.0,0.444,0.556,0.6124
"Iâ€™m a fan of Daddy Alonso, not Daddy Stroll. So when Alonso leaves, I leave.",1,0.083,0.759,0.159,0.2732
"Yes. I like them for mostly superficial reasons, though. Love the color, like the brand, dope logo, cool to see a team that usually does a lot with a little suddenly get a huge boost and try to make it to the top. Stuff like that. They get a lot of goodwill from me because of the drivers they've had. I love Seb and Fernando. 

Although I wouldn't call myself ""invested"" necessarily, I'd be much less interested if they just had 2 Lances. While I don't hate Stroll, I do think he's outstayed his welcome and ultimately holds the team back. 2 drivers like him would be kind of a snoozefest, so I'd take a step back for sure. I probably wouldn't completely stop paying attention to the team, but my level of interest would drop to ""I'll start caring more when they get a driver who could actually compete for wins."" 

Maybe it's a little strong to call me a ""fan"" of AM based on all that, but I definitely follow them more closely than most other teams.",1,0.014,0.744,0.242,0.9868
"They have the nicest looking car, the only Canadian driver, and Alonso",1,0.0,0.775,0.225,0.4939
"Yes, me. I bought some shares of Aston Martin",1,0.0,0.55,0.45,0.5994
Itâ€™s basically an very expensive Make-a-Wish platform for a wealthy dad for his uninterested son. Even Jordan fans will be put off by it because it goes against the blue collar Identity that Eddie Jordan built.,1,0.0,0.932,0.068,0.3612
"I've been a fan of Aston Martin in sportscar racing, they've made great cars like the DBR9, DBR1-2 etc. I was kinda pissed when the Stroll thing happened that ended up killing the GTE-Pro program. But honestly now that the Valkyrie program is active again I'm okay with the F1 team. Also seeing Alonso back at the top at the beginning of the year was great.",1,0.062,0.652,0.286,0.9555
"Came because of Alonso, but always felt somewhat team homeless, and I quite like them now, and will probably stay a fan after he leaves.",1,0.0,0.76,0.24,0.7677
I am actually. The reason being rhat I've always been a fan of their cars in general. So when they had their surge up the grid in the beginning  of this year it was really cool to watch. On top of that Alonso is also my favorite driver so this season was pretty fun for me. However if they were to rebrand the team I'm not sure if I'd have the same passion aside from rooting for Alonso.,1,0.022,0.763,0.215,0.9454
I support the team Fernando drives for.,1,0.0,0.649,0.351,0.4019
"As a fan of racing history and historical racing and of classic cars, I have a soft spot for Aston Martin, no matter how far removed the F1 team is from those great cars. I'd say that they are my second favourite team, after Ferrari.

I should also like Alfa Romeo and Mercedes but the Sauber-Alfa link seems to be a bit too much of a stretch (at least the Aston Martin team is based in England - a Swiss/English Alfa team just doesn't gel for me) and Mercedes is, well, Mercedes.",1,0.018,0.874,0.108,0.7227
My buddy loves the road cars and doesn't care about anything else. He has picked a painful road.,1,0.238,0.603,0.159,-0.2091
"I consider myself a fan of F1, I don't follow just one driver or team, I like many and want them all to succeed.  Aston Martin I especially enjoy watching, this year was beautiful watching them succeed at the start when they were so bad before.  I am not a big fan of Lawrence Stroll but I like that he has invested as he has.  I'm Irish, I used to support Jordan back in the day.  So I have a soft spot for Team Silverstone, always punching above their weight, their mechanics seem cool on social media, and some staff have been there since the Jordan days... I'm a little bit sad they're moving into a new factory now and the old one is being demolished, that stings a bit.

The brand doesn't interest me, but the team does.  I actually miss the days of private teams that weren't just badges of car brands, especially car brands that don't even power their power unit",1,0.068,0.786,0.146,0.85
I WANT to be an Aston fan.,1,0.0,0.48,0.52,0.516
"Probably Anglophiles new to F1 and those who remember the Jordan days, outside of thatâ€¦",1,0.0,1.0,0.0,0.0
"Their livery and clothing line are super cute, more of a fan of their fashion style and probably buy their stuff instead of Red Bull",1,0.0,0.689,0.311,0.8583
"I follow Aston Martin because - Canadian owner, Fernando, and James Bond.

I follow Ferarri because its been them against the world forever

I follow Mercedes because Sir Lewis, and that Russell guy.

MV and RB not so much, but I do follow Adrian Newey

And I like McLaren",1,0.0,0.928,0.072,0.5023
only ferrari have fans as a team imo,1,0.0,1.0,0.0,0.0
Stroll as an owner is a turn off for me.  Hard to get behind ANY sporting team owner who is aloof and arrogant.  Brand / team 'likeability' takes the hit.,1,0.15,0.85,0.0,-0.5574
"Rooted for them when Vettel was there, now really donâ€™t care tbh",1,0.0,0.76,0.24,0.539
"I mean, force India and Jordan ðŸ‘",1,0.0,1.0,0.0,0.0
They make the best looking sportscars and that's an irrefutable fact.,1,0.0,0.704,0.296,0.6369
I'm Canadian so I like seeing lance score points.,1,0.0,0.684,0.316,0.5009
"I remember one of those F1 YouTubers (maybe Tommo) talking about how Stroll actually has a decent fan base in Canada, partly because as such a seemingly shy/humble guy he does break the pay driver vibe a little bit.

Beginning of the season I was pulling for Aston because it was funny seeing Merc get beat by their own engine. But not I like McLaren more.",1,0.061,0.882,0.057,-0.0683
My brother is one. Here's his [racing sim](https://imgur.com/a/ckZQAN8). You can see the stickers on the wheel base. He also has tons of team apparel. We've both been watching F1 since 2005-6 and warmed up to the team since its Force India days because of Checo.,1,0.0,0.954,0.046,0.2732
I just like the color green man so yeah,1,0.0,0.528,0.472,0.656
I want to be as I love their heritage and the use of British racing green.  I hate the child on that team and I'm rather new and don't have an attachment to Alonzo.  Bring in someone like Gasly and I would be all in.,1,0.113,0.726,0.161,0.3425
"No, I like Alonso only sorry.",1,0.438,0.25,0.312,0.0
I am a fan of whoever Alonso drives for,1,0.0,0.723,0.277,0.3182
"If Alonso was gone, nah probably not.",1,0.189,0.811,0.0,-0.1027
"I was always a fan of Vettel, but now im really into the team because they really are trying their best. Itâ€™s fun to watch",1,0.0,0.627,0.373,0.9169
"i don't know where but today i read about someone saying ""as an aston martin fan myself..."" and thought about this exact thing. Having said that, you have to understand that the meaning of being a fan of a team is very subjective. Even what is the team is subjective, you could say that the drivers are a relevant part of the team, so maybe new drivers and you are no longer a fan of the overall team.",1,0.035,0.854,0.111,0.7227
I really enjoy that shade of green. Thatâ€™s about as close to being a fan as I get.  But to be fair I donâ€™t consider myself a fan of any of the teams.  I am a fan of the sport. And I like a few of the drivers as personalities. But I donâ€™t find myself rooting for anyone in particular.,1,0.0,0.733,0.267,0.9325
"I really think I just support drivers - not teams. I grow to like certain drivers ie Albon, Alonso, Ric etc. I just want to see my guys do well whatever the metric for that might be",1,0.0,0.711,0.289,0.8387
Iâ€™m a fan of Alonso the Great,1,0.0,0.385,0.615,0.7506
They aren't my favourite team(my 2nd) so I'll continue to support them no matter what I used to support them when they were racing point qnd force india,1,0.069,0.726,0.205,0.5106
El Plan has no borders,1,0.355,0.645,0.0,-0.296
"I am, I am a huge fan of Aston Martin for their design in road cars and started following them in racing too. They did win in Lemans recently and also like them to win in formula 1",1,0.0,0.664,0.336,0.9287
"the DB9 series are  the sexiest car in the world, it's  not even close. They are every day drivable unlike the other cars put out by Maclaren, Ferrari and so on.",1,0.0,1.0,0.0,0.0
"The constant name changing does not help for sure, but I know there are old Jordan fans that are still loyal. Maybe dozens of them ;)

Obviously teams like Ferrari and McLaren have more â€œdie hardâ€ fans of the team itself and not just the drivers that most other teams donâ€™t have, because of their history. But Iâ€™d say all teams has their people for one reason or another",1,0.041,0.83,0.129,0.8243
"You mean the VettelAfterFerrariRedemptionTeam? Yes I'm a fan. 

I became a fan because of Seb, but continued because I loved the colors and grew fond of Lance.",1,0.0,0.556,0.444,0.9239
Very difficult team to get behind with Nepotism baby in that seat,1,0.202,0.798,0.0,-0.4201
"I liked the team back when it was a pink Mercedes, and rebranding seemed to make it even more likeable. Their PR managers are good. And i always liked underdogs.  
As of being a fan... i guess, you can only be a fan of one when you're in your first couple of years of watching F1. I was a Nick Heidfeld and BMW Sauber fan back then, if it matters now. I'm there since 2003, and i like them all now, all teams and drivers are likeable guys doing the thing they and I like. Besides, they all change and i do not, most people there probably experience the same feeling.   
It's like, if i manage to live another 30 years, i'll see another hundred of F1 drivers and quite probably a dosen or two of new teams.",1,0.0,0.791,0.209,0.9771
"Well.. I like the logo with the wings, I like Aston Martin cars, I like the color, most importantly I love Alonso.. and if AM Alonso have won a race this year, Iâ€™d go crazy.",1,0.055,0.527,0.418,0.942
"Aston Martin the Company, Yes

Aston Martin the F1 team, not anymore. I used to like the force India, racing Point, but somehow in the last few years it has lost that charm. I still supported them cuz of vettel but now I just dont even care",1,0.117,0.697,0.185,0.4035
"Anecdotally, I know quite a few that are long time fans remembering the Jordan days, and like the ""full fat"" British team",1,0.0,0.884,0.116,0.3612
"Not really, I just like the road cars. The team is objectively midfield and full of issues",1,0.134,0.866,0.0,-0.3217
"Nah, I'm cheering for Fernando alone.",1,0.351,0.309,0.34,0.2263
Me since Racing Point.,1,0.0,1.0,0.0,0.0
At this point the team should be called Alonso Martin,1,0.0,1.0,0.0,0.0
[removed],1,0.0,1.0,0.0,0.0
"Sure they are. But for them it has to be like with us sauber Fans. I imagine.

We get rebranded all the time but in the end it's sauber F1. We just have to buy new fucking merch every rebrand. We have highs we have lows",1,0.045,0.855,0.1,0.4019
"if for nothing else than that sweet, sweet teal green color, yes",1,0.0,0.508,0.492,0.8271
During the Force India days they were genuinely impressive with their results. It helps that we saw Perez really develop there,1,0.0,0.763,0.237,0.7096
I think they would have more fans if they picked the best two drivers they could,1,0.0,0.769,0.231,0.6369
Stroll and Alonzo arenâ€™t too shabby.,1,0.0,1.0,0.0,0.0
"I am a Mercedes fan, but Aston has been like my backup if Merc arent performing",1,0.0,0.71,0.29,0.5994
I support Alonso but I'm gone the moment he leaves aston. I cant support a team that is so open about their nepotism,1,0.0,0.769,0.231,0.6597
"I think the team is quite ""sterile"" especially on its branding.. I get its simplicity,  but when I looked at its merch, it's just green with some white text slapped on some expensive Hackett wear that's not really aimed at casual fans. It has a boring vibe to the it I guess.

 And if/when alonso goes, the only reason to support them will go too",1,0.045,0.862,0.093,0.4932
"Their posters would slap without the fucking Peroni ads, but I preferred Force India and Jordan.",1,0.0,0.915,0.085,0.0772
"Myself. Was.

I've started to watch F1 and became a Jordan fan instantly. 

Then Midland, Spyker, Force India, Racing Point and Aston Martin.

Somewhere in 2022, I've completely lost my feelings towards to the team.

Seb retired as well. So I am without a fav driver and a fav team. It is what it is.",1,0.138,0.787,0.075,-0.5691
"I think the team was a lot more appealing before Stroll Sr bought the team, because of it's underdog nature. Was a big fan of Force India/Racing Point, as they were a proper racing team, racing on a budget vs the big boys, outsmarting the other teams (Pink Merc etc.).

Now I just want to see them do well because I bought a few shares in the company ðŸ˜‚",1,0.0,0.876,0.124,0.7096
Just because there's Alonso,1,0.0,1.0,0.0,0.0
"You mean the team Alonso drives for. Hell yeah, go Alonso team!",1,0.286,0.585,0.129,-0.5707
"It's Aston Martin in name only, same as Alfa Romeo. So no, no one can really be a fan if Aston Martin as they do not really exist as a team.",1,0.149,0.775,0.077,-0.3416
Itâ€™s hard to feel a connection to most F1 teams when they change their entire identity every few years.,1,0.076,0.924,0.0,-0.1027
"I was a fan of Vettel and Alonso in the Aston Martin, not a fan of AM",1,0.0,0.723,0.277,0.5574
I was a fan of any team Vettel was a part of.,1,0.0,0.777,0.223,0.3182
"I was a Force India fan when I first started watching because of the Fisichella Belgium race in 2009 (?) I believe, and the colour of the car. Stuck with them until they changed to Racing Point and subsequently AM",1,0.052,0.888,0.06,0.0772
"nah, I am Spanish and support my boys wherever they go. The one exception is I picked up respect for McLaren along the way so I'm still a fan of that team. As soon as Alonso moves on from Aston, my Alonso/Aston gear gets retired.",1,0.029,0.796,0.175,0.7884
I consider myself to be an Aston Martin fan but I don't really care when they do poorly,1,0.194,0.721,0.085,-0.4797
"My wife is, but she just likes the green tbh. As long as the machine is green, they've got her.",1,0.0,0.837,0.163,0.5719
Nope,1,0.0,1.0,0.0,0.0
"i don't think i necessarily support any team more the drivers, but a soft spot for mclaren because i live not that far from them. so currently like Aston because of Fernando. on the other hand i like that their road car side is following some wild aero ideas",1,0.031,0.751,0.218,0.9002
Nope.. I root them because of Fernando and Seb.,1,0.0,1.0,0.0,0.0
I'm a honda fan. So when they start sponsorship of Aston martin.  Then i will too.,1,0.0,0.85,0.15,0.3182
Not really.  The Stroll family is just so irritating.  And they do all this bullshit to make it look like theyâ€™re the sweethearts of the grid.  Teams a disaster.,1,0.298,0.551,0.151,-0.8001
I would be if they make alonso win wdc,1,0.0,0.648,0.352,0.5859
"I'm a fan of Alonso and his way of burning the house down when things aren't to his liking. It's a 'take no prisoners' approach. Not everyone may like it, but to me it feels genuine. Anyways, who's Aston Martin?",1,0.167,0.794,0.04,-0.508
I liked them better as Force India because they continued on the Jordan spirit of the little guys punching above their weight. I'm not a fan of Lawrence personally but I am happy he saved the team and his investment in the sport. Williams made a big mistake not selling to him,1,0.077,0.689,0.234,0.8544
"I don't really care for the Aston Martin branding. Their cars are nice, but not something that immediately comes to my mind when it comes to the desire to own a sports car/supercar (since I'll probably never own one). I do love the green cars the branding bring to the grid, though.

I do love the team that's behind it, though, even if the link between the team today and the original Jordan constructor is just for the history. They've always been a likeable midfield team with some great results here and there, fielding drivers who while mostly not the GOATs, they were still fast on a good day. After Rosberg retired in 2016, I was left without someone to root for and my interest in F1 waned, and Racing Point was the team that caught my eye with their social media presence, so I became a casual fan of the constructor team and I'll probably keep it that way while also rooting for Lando and Piastri on the side.",1,0.01,0.767,0.224,0.9925
"There was, but itâ€™s fading IMO. The really special thing about them was that they tended to put together relatively solid results on a shoestring budget. Now with Stroll money and auto manufacturer backing, they have less and less of a claim to the â€œscrappy upstartâ€ label than they used to.

Also, thereâ€™s just something extra demoralizing about having an underperforming Stroll stuck in the semi-permanent â€œDaddyâ€™s ca$hâ€ seat. Iâ€™d still love to see the team do well based on the residual goodwill I have for them, but the current situation sours things a bit.",293,0.024,0.825,0.15,0.9184
"Midland may be the most forgettable team of the last 30 years

Outside of the Ide/Albers crash they had nothing noteworthy",26,0.119,0.881,0.0,-0.4019
"I still wear Force India merch. For no particular reason, they were my guys",45,0.155,0.845,0.0,-0.296
"Miss that yellow bee livery,.",1,0.286,0.714,0.0,-0.1531
"The F1 team more or less mirrors the automaker's scrappy, punch above their weight class spirit

Aston Martin Lagonda have made some absolutely brilliant road cars once they focused on sporty grand tourers (they had previously tried to compete with Bentley and Rolls Royce prior), with the seminal DB2 series from the early 1900s being the genesis.

The DB4 was when people started to take them seriously, more so when Zagato got their hands on it and turned out a proper race car with the DB4 GTZ.

James Bond came along and skyrocketed the marques' profile with the DB5, and subsequent DB6, DBS and original V8.

Racing Point/Force India/AML F1 are the same, let's not make a huge deal about the Stroll family cash injection. It's NOTHING compared to the massive cash and expertise levels of Ferrari, Mercedes or Red Bull.

AML F1 are more akin to (recent) Williams but without the racing heritage/pedigree. Plucky midfielders who have occasionally risen above their natural level.

At least they're not dodgy like HAAS or with suspect connections like Marussia, Spyker, etc",1,0.057,0.851,0.092,0.6909
We are here. There are dozens of us.,281,0.0,1.0,0.0,0.0
"I did keep getting a facebook page suggestion for â€œJordan Grand Prix Still Buzzingâ€. Perplexed, I have to say.",16,0.119,0.725,0.155,0.1779
Hello there,15,0.0,1.0,0.0,0.0
They were obviously bigger Midland and Spyker fans /s,8,0.0,1.0,0.0,0.0
Didn't they become a different F1 entry in the changeover from Racing Point to Aston Martin though?,2,0.0,1.0,0.0,0.0
What generation of Aston Martin cars made you fall in love with the brand? Like watching the OG DB5 in James Bond movies? The 90s Vanquish? The more recent DB9/DBS?,3,0.0,0.785,0.215,0.8253
I have some AM shirts that I got when Seb was there and they were on clearance but otherwiseâ€¦ lol,27,0.0,0.821,0.179,0.5719
"Without Alonso, they would be fighting with alpine for 6th in standing without a podium to their name. With somebody better then Stroll they would be fighting with Ferrari McLaren for top 3 in standings. Hard to cheer for them when they hinder their own performance with nepotism.",1,0.118,0.735,0.147,0.3818
Alonso is the only reason I don't openly cheer against Aston. The whole operation is a Stroll vanity project. Old man Alonso is riding that vanity all the way to the bank and putting on a hell of a show in the process.,1,0.241,0.759,0.0,-0.8779
"I feel they lost that lovable quality, for me at least. I even kinda forgot where they came from until this post, my image of aston is more ""the stroll fam + a world champ"".

Jordan/FI/RP felt more underdog somehow?",16,0.057,0.844,0.099,0.4019
"Same, let's roll.  
  
Was so happy for Sergio to take a step forward, and been so gutted for him this season.",13,0.0,0.8,0.2,0.6948
"> Remember Sauber doing a fast car the first races in 2022 and not many people cared that they were fast for a moment.

As a longtime Sauber fan, I gradually stopped feeling it when they dropped the Sauber name. 

I'm not sure why. I'm aware it's superficial, that it's team Hinwil at the heart, but it feels something was lost post-2019.",10,0.123,0.83,0.047,-0.5643
">the 2nd most watched sporting event on the history of Spain is the 2006 Brazil GP, where Alonso won his 2nd WDC

What was the first most watched event? A World Cup match perhaps?",3,0.0,0.887,0.113,0.6199
"I liked them when they pushed the rules and purchased every but possible from Mercedes... Even if it was decided that they kinda cheated. 

It's been years of one team dominating. If a little bit of cheating makes it more competitive and the behind the scenes more dramatic and entertaining, im here for it.

So I was a fan, but now that they're using daddy still's money to playing play by the rules, I'm bored. 

At least use those billions to break the cost cap!",4,0.136,0.692,0.172,0.3878
"I think what you are feeling is the potential of what Aston could be. It is an iconic, legendary brand, with a history going as deep as Ferrari's. Hopefully, they stick it out for the long run and give us some of that history in F1 as well.",3,0.0,0.872,0.128,0.6486
">Nah, just Alonso.

as a certified old guy I'm usually a fan of old guys who kick ass.  

I'm also a fan of [Geraint Thomas](https://youtu.be/oopYVkmPqwY?si=Rc_Y7UvVGH1TYjtW), who recently signed a contract with Ineos Grenadiers for another 2 years.  Team OLD baby!",18,0.087,0.792,0.121,0.1007
"This is me. I will forever root for AM so long as the team is owned by them because I love the road cars. Thereâ€™s not a ton of history to the team if you consider them completely separate from their legacy, but every team starts somewhere.

I do also like the livery and that theyâ€™re sort of the dark horse, but Iâ€™m probably biased. Stroll still kills me, although I think heâ€™s underperforming relative to what heâ€™s capable of. Heâ€™s not as bad as his stats this year show.",9,0.074,0.795,0.131,0.6833
"I've always been a Williams supporter since I started watching F1 around 2001, and I support the team more than the drivers.",5,0.0,0.78,0.22,0.5859
"Yes absolutely; drivers come and go but teams are (mostly) permanent. Most diehard fans I would say are fans of teams moreso than drivers, even if the vast majority of people do support drivers. Most obviously Ferrari, McLaren, and Williams (although less so these days due to their many recent travails). Others may include Team Enstone and Team Silverstone as well as Sauber.",7,0.0,0.88,0.12,0.7935
It's been tough after we lost our Goatifi,10,0.388,0.612,0.0,-0.4215
Im on the same boatâ€¦ its not easy cheering for Stroll.,3,0.362,0.638,0.0,-0.6259
"I'm not a Canadian but I am a fan of Lance. I've listened to a few podcasts he's featured in and he comes across as quite laid back, a bit shy, but determined. He reminds me a bit of myself. He's not had the best season this year, but he is usually quite decent, juts luck usually doesn't go his way. His races are also quite interesting to watch most of the time, and I usually have his onboard up on my tablet whilst the race is on so I can watch him when the standard feed isn't showing anything interesting.",3,0.063,0.771,0.165,0.9076
The patriot in me also does a small cheer for Stroll when I'm watching. Even had him in my fantasy team for a little bit at the start of the season,5,0.0,0.895,0.105,0.5106
"Well, one certainly has.  In haberdashery at least.",2,0.0,0.571,0.429,0.5423
I'm sorry that Stroll represents Canada. Wish there was a better driver/personality carrying the flag.,-3,0.073,0.615,0.313,0.6486
"At least AM is trying to win races, Haas seems content to be midfield.",6,0.0,0.774,0.226,0.5859
My thought too.  surely this question is for HAAS first.,1,0.0,0.756,0.244,0.4404
"We need another green car win. Last one was Benetton in 97 with Berger, though for one that's majority green, you have to go back to Shmuacher in the 93 Benetton.",1,0.0,0.888,0.112,0.5859
Good thing you weren't a fan in 2007... Honda were struggling to beat their B team,1,0.255,0.589,0.155,-0.2173
"Yeah , I think the large presence of Lawrence really makes this feels like a personal project of his rather than the whole force of the AM company.",1,0.0,0.83,0.17,0.5719
Don't underestimated how big Renault is and how many fans their road cars have. The Alpine branding is just for commercial reasons but its still Renault,1,0.0,0.947,0.053,0.1045
Tbh its Still Renault in all but name,1,0.0,1.0,0.0,0.0
"I literally did it in the main post.
The drivers driving for the team do not matter for you to support the team. 

I'm fine with any other reason - your partner is an employee of AM, you love their road cars, Lawrence Stroll personally paid you to become a fan...... Everything is valid for me.

But you should not leave the team even if Fernando and Lance leave it tomorrow morning!!",0,0.014,0.864,0.122,0.7042
r/popping,1,0.0,1.0,0.0,0.0
Stroll senior I would take very serious his public speaking may not he the best but his intentions to develop the team at least until now seem genuine,1,0.122,0.878,0.0,-0.3571
"Lawrence bought a fair share of the team and started the development of the new factory, pumping a good amount of money into it. He also has a long history of racing. I don't know why you wouldn't take him seriously.",1,0.0,0.787,0.213,0.7856
I had to scroll too far to find someone else whoâ€™s a big fan of Mike Krack. Mike Krack is iconic.,0,0.0,0.887,0.113,0.3182
"Of course there will be plenty of brand and heritage fans, from F1, sportscars, UK patriots, top gear and James Bond etc.",1,0.0,0.921,0.079,0.2023
I'm a fan of the team since their Force India days and a fan of Stroll since his debut at Williams.,3,0.0,0.787,0.213,0.5574
Game was f12018 btw,1,0.0,1.0,0.0,0.0
"Aston Martin F1 donâ€™t have the backing of an auto maker, they share the branding of an auto maker but unlike say Ferrari, Mercedes or to a degree Alpine they donâ€™t have a financial contribution from a parent manufacturer. It just so happens that Stroll Sr. has shares in both so brand the F1 team he owns the same as the car brand he has a significant stake in",77,0.0,0.889,0.111,0.6858
">Now with Stroll money and auto manufacturer backing

Not the case, Aston Martin as an 'auto manufacturer' is used for advertising for both of their platforms as a company. Aston Martin as a whole do not fund the F1 team as far as backing their development etc.",29,0.0,0.951,0.049,0.0516
Itâ€™s a confidence game. He wasnâ€™t too far down on Vettel towards the end but Alonso has brutally exposed him for the pay driver that he is.,1,0.261,0.673,0.066,-0.7506
Basically this. I have considered myself highly appreciating what Force India has been doing. Aston Martin is nothing like it.,1,0.095,0.762,0.143,0.2693
And the Monteiro/Albers friendly fire in Canada,5,0.226,0.472,0.302,0.2023
HRT would like a word with you.,7,0.0,0.667,0.333,0.3612
I remember one commentator referring to them as â€œMiddling.â€,2,0.0,1.0,0.0,0.0
"nah Webber points in australia, standing on the podium with paul stoddart, those are iconic scenes",1,0.085,0.915,0.0,-0.1027
I miss pink on the grid,16,0.286,0.714,0.0,-0.1531
Greatest livery of all time for me,1,0.0,0.588,0.412,0.6369
The plural in dozens is a bit generous,86,0.0,0.645,0.355,0.5106
"I was big on Jordan, but Iâ€™m still salty about Eddie canning Frentzen.",46,0.0,1.0,0.0,0.0
DOZENS!,9,0.0,1.0,0.0,0.0
DOZENSSSSS,3,0.0,1.0,0.0,0.0
We sure are!,2,0.0,0.436,0.564,0.3802
There are.,2,0.0,1.0,0.0,0.0
No there aren't...,0,0.524,0.476,0.0,-0.296
"My Jordan backpack I've been using since 1998 broke last year ðŸ˜’gutted.

But I am actually sat in a Jordan hoodie right now with the buzzing hornet logo on it

https://imgur.com/gallery/ASRmEOU",1,0.064,0.936,0.0,-0.2263
"What do you mean? Haven't they all been different racing entities since they changed names?  Spyker and Midland etc.  

It was always Team Silverstone regardless, same factory, many same staff.  Shame the factory is being demolished now",6,0.088,0.912,0.0,-0.5362
"definitely the DB9/DBS. saw one in person recently and asked my girlfriend when she thought this model was released and she said 2019, that is how well the DB9 has aged. absolutely stunning car. it also helps that I think AM are one of the, if not THE most consistent manufacturers in making good looking cars.",19,0.0,0.791,0.209,0.9041
For me it was the V8s in old racing games like NFS Most Wanted (can't recall if NFS Underground /2 had any AM),1,0.0,0.898,0.102,0.3612
"Definitely the DB9 for me. I remember when I first saw it I thought it looked so cool and modern. Even now the car still looks quite fresh and I wouldn't be surprised if people mistake it for a newer car.


The One-77 is also a good shout.",1,0.079,0.702,0.218,0.7974
"DB5 for days... for anyone who has seen the classics. All starts there.

A friend of mines dad had one, kept in a climate controlled tent.",1,0.0,0.878,0.122,0.4939
"It's going to be very interesting to see what happens to the team when Lance can't race anymore. My pessimistic side says they shutter the whole operation overnight. My optimistic side says maybe they've come to love something about the sport beyond the way it rubs their egos, Lance moves into a management role, and they stick around. I would respect that.",1,0.036,0.785,0.18,0.8777
Drivers like Ocon and Hulkenberg weren't headline drivers but they got the job done. It's why people loved the FI team,8,0.0,0.728,0.272,0.7964
I thinks the Stroll money killed that scrappy Silverstone Team legend.,1,0.333,0.667,0.0,-0.6705
Same let's go,5,0.0,1.0,0.0,0.0
"I know they had a lot of Ferrari help, but the late-90s and early-00s Saubers looked great, were decently quick, and had some really likeable drivers (Massa, Raikkonen, Frentzen, Heidfeld). In my mind, that's always what Sauber is.",1,0.0,0.734,0.266,0.9176
World cup final in 2010 in South Afrika?,5,0.0,1.0,0.0,0.0
The world cup final indeed,3,0.0,1.0,0.0,0.0
"Probably a ClÃ¡sico, Real Madrid vs Barcelona match",1,0.0,1.0,0.0,0.0
">It's been years of one team dominating. If a little bit of cheating makes it more competitive and the behind the scenes more dramatic and entertaining, im here for it.

Ferrari's 2019 engine would like to have a word",1,0.123,0.708,0.169,0.2779
"Alonso is one year younger than me. As long as he is racing, my F1 dreams are still alive, right?

&#x200B;

&#x200B;

Right?",2,0.0,0.788,0.212,0.6868
"I would say that someone can be just as big of an F1 fan without having a favored team, but sticking to favorite drivers instead, or even trying to stay unbiased but enjoy the racing (though I tried and failed at being unbiased and picked up some favorite drivers.) 

I would put Ferrari, McLaren, Williams, and ""other"" as what I've observed when people have a favorite team that is not driver dependent. And, honestly a steep drop off in each instance (between Ferrari and McLaren, between McLaren and Williams, between Williams and any other team)",5,0.1,0.703,0.198,0.9311
> Even had him in my fantasy team ^for ^a ^little ^bit  ^^^at ^^^the ^^^start ^^^of ^^^the ^^^season,3,0.0,1.0,0.0,0.0
I'm sorry that Perez represents Mexico. Wish there was a better driver/personality carrying the flag.,2,0.073,0.615,0.313,0.6486
"true, but Aston Martin does not currently stand for anything in F1, other than being a weird nepotistic platform for Lance Stroll to drive, and also being the team where Alonso happens to drive. Obviously there are lots of fans of Aston Martin as the sportscars and the cars from James Bond and all, but I think it's almost completely different to being a fan of the F1 team.",2,0.029,0.901,0.069,0.4215
">but unlike say Ferrari, Mercedes or to a degree Alpine they donâ€™t have a financial contribution from a parent manufacturer.

Wait, but Aston Martin the car company must be paying AM the F1 team some money right? Like, I get AM the car company is kinda like Oracle with RB. They pay the F1 team a certain amount per year and the F1 team slaps their name on the car. Right?",12,0.022,0.853,0.125,0.8162
"> Aston Martin F1 donâ€™t have the backing of an auto maker, t

Their deal is that same as what Sauber has with Alfa Romeo - a team rebranding/renaming deal.

AM the car company pays 20 million a year for the naming rights to the team. The deal was signed for either 5 or 10 years (can't remember), starting in 2021.",1,0.0,0.98,0.02,0.0258
"So the teamâ€™s running Aston Martin branding on the car why, just because they think it looks super cool and Astonâ€™s IP lawyers havenâ€™t caught on yet and told them to stop?

I get that the arrangement is more of a branding exercise as opposed to having an auto manufacturer outright building the car like Mercedes or Ferrari, but that doesnâ€™t mean thereâ€™s no money involved in the deal.",-9,0.061,0.858,0.081,0.1154
"HRT is memorable for their meme status. They also stuck around for 3 years and tried their best despite being the worst team by a mile. Midland was gone after one season and it's livery was almost identical to Spyker's one year later, which makes Midland easily the most forgettable one. Spyker at least is a notorious car company in Netherlands so their name meant SOMETHING.",14,0.067,0.797,0.136,0.7179
When I hear HRT I think Danny Ric and sh1t team.,9,0.0,1.0,0.0,0.0
HRT lasted for a whopping 3 years tbf. Midland was gone after 1. Now Spyker was a sight to behold.,1,0.0,1.0,0.0,0.0
But they were worse than middling.,1,0.454,0.546,0.0,-0.631
Different team,2,0.0,1.0,0.0,0.0
Isn't Alpine mostly pink this year?,2,0.0,1.0,0.0,0.0
"I just miss some of brigther colours on the grid. Everything feels like a variation of black, white, dark blue a dark red. Even AM's green feels muted.",1,0.059,0.849,0.092,0.2263
"Yep. Eddie, his wife and four children only makes 6.",34,0.0,0.804,0.196,0.296
So there's at least two of us!,29,0.0,1.0,0.0,0.0
"Yeh that sucked, but he had to open the door for Sato if he wanted to keep using Honda engines, they said there had to be a Japanese driver.  EJ actually speaks very highly of HHF comparing him to Schumacher... 

https://youtube.com/shorts/JramKFHdFPI?si=3951CWe7inq6SDB4

That team always seemed on the verge of collapse, this podcast is very good on the insights of the shenanigans EJ was constantly doing to keep that team afloat, it's very interesting",7,0.076,0.823,0.1,0.455
Eff you. JORDAN FANS UNITE!,13,0.0,1.0,0.0,0.0
No. They all use the same entry. But the Forca India went bust and had to officially withdraw from F1. And then enter as a new team. The other teams agreed to let all the rules about new teams slide in order to keep them on the grid - since they weren't. But technically the newest team in F1 is Aston Martin as their entry goes back to 2019.,6,0.023,0.939,0.038,0.2617
"I actually think this ownership iteration is the end of the ""Silverstone Team"" narrative. They are no longer a scrappy group of underfunded, but passionate folks, hitting above their weight as the team moves from owner to owner in an attempt to survive. Now they're legit big money, the old factory is gone. . . yet somehow they still have the wonkiest pay driver on the grid.",2,0.047,0.885,0.068,0.5267
"I think the early DB9s havenâ€™t aged well, but the facelift is definitely going to stand the test of time. Stunning car.",3,0.0,0.679,0.321,0.8176
"theres a rich heritage of cheating in f1, i don't quite get why ferrari were castigated so much for that",1,0.155,0.69,0.155,0.0
Exactly. Whatever team my favorite driver is driving for is my current favorite team.,1,0.0,0.667,0.333,0.7184
Perez doesn't abuse his trainer. I'm from canada originally and I just wish someone other than a spoiled brat represented my country.,1,0.0,0.748,0.252,0.7243
"Because you have so many people in this thread itself who are fans of Aston Martin only because Alonso drives for Aston Martin.

When they buy AM merch, they are buying it because of Alonso and not AM.",0,0.0,1.0,0.0,0.0
"If I'm not mistaken is the other way around, the F1 team pays Aston Martin Lagonda",17,0.0,0.877,0.123,0.2755
"Oracle is actually a technology partner, they work closely with RedBull to develop specialized products for RedBull to run its development and race day simulations.  The deal is valued at approx. $100 million per year, but is not actually for cash.",2,0.0,0.952,0.048,0.2382
"I think Stroll wanted to add value to the team, so he went to the route of using a classic/â€œhigh valueâ€ auto brand to support their F1 adventure, like painting the team with a more classy/professional colour and adding to it a better view for future investors of a sale

In theory, on paper, Mercedes F1 is more valuable than an unknown â€œBrawn GPâ€ which casual viewers never heard of. And Aston Martin F1 is more valuable than a random name like Force India or Racing Point. Itâ€™s about building an heritage Ã  la Ferrari, Williams or McLaren, more or less

AM the auto maker is almost not giving any direct money to the team, which seems normal taking into account the auto maker have different investors than the F1 team (so Toto or Stroll partners would be paying for the team and Lance adventures just because? I doubt it) and the auto maker also had a recent crisis with the need to renew models and escape the route of constantly losing money.

Strol Sr just happen to want to invest on the auto maker, fix it and maybe resell it, and meanwhile, he happened to think it would be cool to use the name on the F1 team. He always had a passion for cars (classy, vintageâ€¦) so AM seemed a good investment, like the F1 team also seemed a good investment",21,0.043,0.786,0.171,0.9808
"Cause Lawrence bought 16% of the company and don't want his investment to bring nothing, when he litteraly saved their asses from a restructuration.  
Edit : And it works, since the deal, sales of Aston are up, thanks to the safety car and medical car.",6,0.025,0.8,0.174,0.8062
"no, they arenâ€™t â€œwaiting on the IP lawyers.â€ itâ€™s more like if you and a friend wanted to shoot an ad for your company/brand, and wanted to rent a tuxedo for the shoot, but your friend said â€œwait, I already own one, letâ€™s use that and use that budget somewhere else.â€ 

Lawrence Stroll owns the Aston Martin F1 team (the tuxedo) and also has a separate but considerable ownership stake in Aston Martin the car company (the brand you and your friend want to advertise.) F1 is just 20 very fast billboards most of the time.",1,0.049,0.815,0.136,0.8764
"I love these older teams that failed so hard... like Lola lasted for 1 whole race before going bankrupt, they showed up with an untested IndyCar bodged together to make it look like an f1 car and failed to qualify by 15 seconds lol. 

Or Andrea Moda, who didn't pay their fee to Fia and were disqualified for the first race, they missed a few others for stupid reasons.  One where the cars arrived by freight but the engines never showed up, another where they were stuck in traffic so missed qualifying, they fired both drivers after they complained about how shit they were.  Hired new drivers, and the old driver later returned with a briefcase full of sponsorship money asking to come back, they like this, but FIA doesn't, they've already changed 2 drivers in a season so they can't. They proceed to take this out on one of their drivers and do everything to screw him over including nearly killing him, luckily the team owner got done for fraud and the team was expelled by FIA for bringing the sport into disrepute.... Perry McCarthy the driver they screwed over so much went on to become The Stig in Top Gear",7,0.209,0.71,0.081,-0.986
How dare you forget future world champion Bruno Senna,5,0.148,0.547,0.305,0.4588
It was for the first 3 races only. Now it's partly pink.,7,0.0,1.0,0.0,0.0
Same sentiment here!,6,0.0,1.0,0.0,0.0
"This podcast pops up on YouTube shorts all the time, is there any way to watch the whole thing?",2,0.0,1.0,0.0,0.0
And then Sato came in and wrecked so many cars the team ran out.,1,0.0,1.0,0.0,0.0
"For sure! Not ripping on Eddie, Iâ€™m just still super salty about it. 

I mean, HHF in 1999 is still I think the most underrated performance by a driver in a season.",1,0.0,0.8,0.2,0.7574
"Right, I misremembered it a bit but I'm happy to know I didn't entirely imagine things",3,0.0,0.704,0.296,0.7227
"I hear ya, disappointing, I wish these big-budget teams would remember their roots.  Mercedes try to fob themselves off as the silver arrows from the 30s but it's a different team, I think it's more interesting when we think of them as an evolution from Brawn, Honda, BAR, and Tyrrell",1,0.041,0.844,0.115,0.5775
I didn't even know the db9 had a facelift. holy shit it is beautiful,1,0.206,0.571,0.223,0.0772
"Me neither. I guess hating on Ferrari has become mainstream nowadays. It's mainly people that don't understand Ferrari's heritage because they started watching F1 when they were already in their downwards spiral, and I guess they hate it cause it's considered a top team alongside Merc and RB despite not winning nearly as much in the last decade.",1,0.06,0.829,0.111,0.2769
Really? Why would they do that? I assumed it was just a title sponsorship a bit like Alfa. What does the F1 team gain from paying Aston Martin?,6,0.0,0.781,0.219,0.7536
but Lawrence owns AM road car division as well doesnt he? or his consortium does,1,0.0,0.841,0.159,0.3919
AML pay the F1 team a marketing fee,1,0.121,0.434,0.445,0.694
You are making stuff up. car company pays the f1 team,1,0.0,1.0,0.0,0.0
"That's interesting, I was not aware. Do you happen to remember where you read/learned this?

Also, I wonder if Cognizant has the same deal with Aston Martin",1,0.0,0.899,0.101,0.4019
"I don't know the background behind all of that, but it does make sense.

The added exposure and brand association would increase the value of the shares in both the F1 team and the auto manufacturer. I'd assume Aston-Martin gets a cut of the merch profits as well as access to the drivers for specific trade events, so there's still value even if AM aren't paying the F1 team.

The F1 team would lose out on the money of another sponsor, but if Stroll Sr is making that up with share value, he may not care at all. Looking at the chart, AM shares bottomed out during Covid, but jumped almost 50% once the livery was shown (though it could just be coincidence). It peaked at about Â£790 per share in Feb 2021, which is when the F1 livery was revealed, and hovered around the mid-700s until the end of the F1 season when it dropped, and kept dropping to a low of Â£95 per share in September last year.

Looks like it actually rose early in the 2023 season while Fernando was looking good, and has dropped off since.

So there's an argument to be made for some correlation between doing well on the track and share value increase, but the inverse could also be true, at least in this case.

Though with Covid messing up the whole market from 2019 to now, it'd be hard to draw strong conclusions.

I wonder if people short shares based on race results?",3,0.058,0.735,0.207,0.9922
"> restructuration

If only â€œrestructureâ€ could be used as a noun",5,0.0,1.0,0.0,0.0
"As far as I know Lawrence has sold most of his shares in AM (the car company, not the F1 team) to a Chinese company and he is slowly pulling out. Makes me wonder if AM will continue to sponsor the F1 team long term.",1,0.0,0.945,0.055,0.3535
Fair. They get like no screen time so I had forgotten,2,0.288,0.395,0.316,0.1082
"I've asked this question so many times and never get an answer.  The audio podcast is available where podcasts are, like Spotify, it's good, but I have no idea where the full videos are, I prefer video podcasts and they seem to record it but I've only found the shorts",1,0.054,0.874,0.072,-0.0258
"Sponsors are much more interested in sponsoring a racing green Aston Martin than a racing point.

The name gives them prestige to attract big name sponsors at far higher rates.",11,0.0,0.826,0.174,0.6697
Iâ€™d pay a large sum to not be known as Racing Point.,34,0.123,0.877,0.0,-0.1027
"Lawrence stroll owns Aston Martin F1 team and owns 16.7% of Aston Martin (the actual car company)

Edit: I'm pretty high right now and forgot to add ""and that is why it's in Aston Martins best interest""",8,0.0,0.766,0.234,0.886
"Aston Martin (the car maker) doesnâ€™t make any money. It may do soon , but not at the moment.",1,0.0,1.0,0.0,0.0
*hit send to early. Itâ€™s in the AML annual report,1,0.0,0.637,0.363,0.7297
"I work for Oracle ;)  
Here is a recent article on the development for the new powertrain unit: https://www.oracle.com/news/announcement/redbull-ford-powertrains-designs-engine-on-oci-2023-09-18/",1,0.0,0.894,0.106,0.2263
Another article on the partnership: https://www.oracle.com/news/announcement/oracle-cloud-helps-red-bull-racing-2023-02-03/,1,0.0,1.0,0.0,0.0
">I wonder if people short shares based on race results?

Don't tell WSB, they will fuck AM up.",1,0.161,0.737,0.101,-0.3182
">If only â€œrestructureâ€ could be used as a noun

ã©ã†ã§ã‚‚ã„ã„  
Respectfully.",1,0.0,0.769,0.231,0.4019
Source ? https://ampvideo.bnnbloomberg.ca/lawrence-stroll-led-group-raises-stake-in-aston-martin-to-26-1.1977992,1,0.0,1.0,0.0,0.0
"Damn that comunity is annoying, WHERE DID YOU READ THAT ?!",1,0.387,0.613,0.0,-0.69
And Mercedes owns roughly 10% of each as well.,1,0.0,0.792,0.208,0.2732
"https://www.autoracing1.com/pl/400595/automotive-stroll-sells-large-chunk-of-aston-martin/

This is an older article though, so again, I might be wrong since he upped his investment recently. But back in May the picture was different.",2,0.076,0.924,0.0,-0.2617
"Thank you, and sorry if i looked agressive. I missed the talk about it in may so i get why the actual rumors are so believable. And they can be, for once Lawrence could sell his own share by the way of Yew and personnaly get out of the scope, since Lance mom wants him out of F1... On the other hand, Lawrence is a motorsport fan, he's like Jos without the prodigal son (Lance can drive, he wouldn't be in F1 otherwise but hey... He's no Max...) and the 2025 Le Mans entry with the Valkyrie open up another can on worm of speculation... Wait and see at the end !",1,0.049,0.871,0.08,0.3802
"Yeah exactly the picture is really blurry. There are constant rumours of Lawrence pulling out but then he turns around and starts investing more. I also read another article (if u want I can link it ;)) that mentioned there are serious problems with AM the car company, and it is losing a lot of money annually. If I remember correctly, they have two factories but not enough demand to warrant it, and itâ€™s not plausible to close one down. So it would be reasonable for Lawrence to jump ship before it turns into a serious loss. And then thereâ€™s the talk of him selling the F1 team to Saudis amidst Lance being unmotivated. But then again, he recently upped his stakes so whatâ€™s the real truth?",1,0.128,0.816,0.056,-0.8655
">if u want I can link it ;)

I read something similar somewhere so all good x) !",1,0.0,0.623,0.377,0.6879
